[{"key": "https://www.instagram.com/p/BlQVZdqHHvW/", "datetime": "2018-07-15T14:12:39.000Z", "content": "서경대 너무 예쁜고 아니냐뇽\n#서경대#건물#하늘#사진#풍경", "img_urls": ["https://scontent-icn1-1.cdninstagram.com/vp/e8d9116992d8aaee032e6abbe1c62794/5BDA6F9F/t51.2885-15/e35/36771122_635791826786171_4180032051308658688_n.jpg"]}, {"key": "https://www.instagram.com/p/BlKrBOplUqA/", "datetime": "2018-07-13T09:26:08.000Z", "content": "°\n고3 \"기초디자인\"\n건국대 실기대회 주제풀이&그림.\n\n주제_그림별 상이\n\n4절_ 건국대 기초디자인유형\n\n작년과는 다르게, 그리고 앞으로도\n\n다양한 주제로 변화할 \"건국대\"실기대회를\n\n끝으로, 각 캠퍼스별로 1-6부(입시반)를\n\n선생님들과 학생들이 다시 풀이해보았습니다.\n\n분명, 기존과 다른 주제에 따른 정확한 분석과\n\n파악이 중요한 시기입니다.\n\n#건국대 #중앙대 #건대 #기디 #건대기디 #중대기디\n\n#서울대기초소양 #국민대기초조형 #건대기초디자인 #건국대기초디자인 #홍대 #한예종 \n#합격작 #재현작 #발상과표현 #서경대 #중앙대무대연출 #무대연출\n\n#국민대평소작 #실기대회 #건대대상 #대상 #수상작 #재현작\n\n#입시미술 #미대입시 #입시디자인 #홍대미술학원 #홍대앞미술학원", "img_urls": ["https://scontent-icn1-1.cdninstagram.com/vp/13d8cf3b0e4b938bf2f50667a68cfdb7/5BE635E9/t51.2885-15/e35/37077706_270894210126690_1023280798700142592_n.jpg", "https://scontent-icn1-1.cdninstagram.com/vp/dd59fb40fe203470e5f7881d160d5897/5BEBD8F7/t51.2885-15/e35/36971453_899452653575180_8393340053232812032_n.jpg", "https://scontent-icn1-1.cdninstagram.com/vp/eeca7e851157af0c15bc72443d84392f/5BD91C18/t51.2885-15/e35/36594841_215933732390282_5668882726460063744_n.jpg", "https://scontent-icn1-1.cdninstagram.com/vp/d98eeb286a845c358546e634deba86c1/5BCA07A0/t51.2885-15/e35/36492111_291029651466749_4417187062923395072_n.jpg"]}, {"key": "https://www.instagram.com/p/BlIHA9BnGiG/", "datetime": "2018-07-12T09:33:03.000Z", "content": "학교..\n#서경대 #미용 #일 #계절학기 #휴식", "img_urls": ["https://scontent-icn1-1.cdninstagram.com/vp/1587a7439058aee33fb2a3cae2b44211/5BD561FD/t51.2885-15/e35/35617219_259663561462683_8393673956875304960_n.jpg"]}, {"key": "https://www.instagram.com/p/BjmvIWclBT3/", "datetime": "2018-06-04T13:58:01.000Z", "content": "또 하나의 잊지못할 소중한 순간🙏🏻✨\n#서경대 #경진대회 #1등", "img_urls": ["https://scontent-icn1-1.cdninstagram.com/vp/71ff025a73c611cb9efa94f6dfd80ec0/5BCC509C/t51.2885-15/e35/32916689_1602733796505627_7197674759218266112_n.jpg", "https://scontent-icn1-1.cdninstagram.com/vp/d638d07a6a59da766d8b96f844a13e15/5BDCAFBD/t51.2885-15/e35/34008612_1223170591153276_4287412628914962432_n.jpg"], "comments": [{"author": "suchabeautifulday__", "comment": "여윽시 1등이시구먼요💓💓💓"}, {"author": "e___tjs", "comment": "축하해요~~~💚💙"}, {"author": "dr.yjh", "comment": "축하드려요! 정말 멋지네요✨👍"}, {"author": "jiseo_i", "comment": "@baehoney_ 이유 확실한 1등입니다요~~~~~"}, {"author": "jpg.bear_pic", "comment": "축하드립니다 🤩🤩👏👏👏"}, {"author": "soomin_0902", "comment": "추카해녀👏👏"}, {"author": "choieunss", "comment": "너무 예뻐서 심장 멎을 뻔했어요....."}, {"author": "sohyun_2.6", "comment": "에뻐요~"}, {"author": "phe_leac", "comment": "@baehoney_ 헤헷🙈❣️ 감사함돠~!!😆❣️잘지내고있어요?😆❣️"}, {"author": "phe_leac", "comment": "@jiseo_i 아이쿠야!!🙈 과찬이셔유~!!🙈❣️❣️❣️"}, {"author": "phe_leac", "comment": "@e___tjs 고마웡 은선잉❣️"}, {"author": "phe_leac", "comment": "@dr.yjh 감사합니다😊"}, {"author": "phe_leac", "comment": "@jpg.bear_pic 감사합니다😊"}, {"author": "phe_leac", "comment": "@soomin_0902 감사합니다😊"}, {"author": "phe_leac", "comment": "@choieunss 은서짱❣️❣️"}, {"author": "phe_leac", "comment": "@sohyun_2.6 고마웡이쁜이❣️"}, {"author": "_ggyu_91", "comment": "웃는모습이 너무 이쁘고 잘어울리세요 !!😁"}, {"author": "jiseo_i", "comment": "@phe_leac 잘지내고 있죠? 보고싶네여 이쁜언니 (사실 동생....)"}, {"author": "phe_leac", "comment": "@_ggyu_91 감사합니다!😊"}, {"author": "phe_leac", "comment": "@jiseo_i 그럼요!!😆 저두요 ㅠㅠ편하게 동생이라고하세용🙈💕💕"}]}, {"key": "https://www.instagram.com/p/BipBloJFVAr/", "datetime": "2018-05-11T14:46:23.000Z", "content": "#국제대#서경대#첫대학축제\n(첫번째짤 살짝 하정우씨같이 나오지않았음?ㅎㅋㅋ)#마음에안드는무언가때문에몇번이고다시올렸넹미안해용", "img_urls": ["https://scontent-icn1-1.cdninstagram.com/vp/b230cbb1770b5b64c878de0e5914bf6b/5BEBB77E/t51.2885-15/e35/31753544_254328445134751_2401382907445772288_n.jpg", "https://scontent-icn1-1.cdninstagram.com/vp/c86775a9041764bcd5b556e33ed5b53c/5BCD0AD5/t51.2885-15/e35/31236197_451422605308698_6375696483521396736_n.jpg"], "comments": [{"author": "vanyasng", "comment": "sumpah gue hampir ngmg kasar"}, {"author": "a_ndl23", "comment": "❤️❤️❤️"}, {"author": "coeaesug8994", "comment": "하정우가 아니고 그냥 아저씨. 베이지 좀 입지마."}, {"author": "ma0514ru", "comment": "こんにちは。あなたのことが大好きなユイさんは最近、ジャニーズに浮気してます。"}, {"author": "kukuku9731", "comment": "@mai0514maru やめろ"}, {"author": "novianty.v", "comment": "iKON tv end😭😭 but the special song for ikonic so good thnks😍😍😍😍 @shxxbi131 @bobbyindaeyo @gnani_____ @_dong_ii @juneeeeeeya @sssong_yh @chan_w000"}, {"author": "chrisno21", "comment": "LUCU BANGET MASA"}, {"author": "nenengnuraisyah", "comment": "Mesh"}, {"author": "vintyaratu", "comment": "Na org nye, gtg njr @selvianugrah"}, {"author": "cherim11", "comment": "으휴 하정우는 아니지만 잘생굣단ㅇ~~~^~^^"}, {"author": "scaniaey_", "comment": "Oppa😍😍"}, {"author": "rizky_nanda05", "comment": "Oppa😍😍😍"}, {"author": "adelll_ikonic", "comment": "juni I LIKE YOU SO MUCHHHHH"}, {"author": "adelll_ikonic", "comment": "I' AM SORRY FOR MY MISTAKE JUN"}, {"author": "hhdtgc", "comment": "пуська аав"}, {"author": "ccl.xox", "comment": "I think I just did what people call UWU"}, {"author": "fabia.santos.583", "comment": "Nene lindo❤😍"}, {"author": "m_ykka", "comment": "KYAAAAAAAAA"}, {"author": "skky022", "comment": "Hi cutie"}, {"author": "eliapuspiita", "comment": "Yg tampan siapa yg punya ? Yg punya yg bertanya ~~"}, {"author": "_2illlllillll", "comment": "💓💓💓💓💓💓💓💓💓💓\n너무 귀엽게 굴지 말아라ㅠ"}, {"author": "ariestagreat", "comment": "Waw! R u human too?"}, {"author": "srirejeki_siahaan", "comment": "🎸"}, {"author": "jinhyun_0915", "comment": "잘생겼오..💜 두번째 사진 실화냐 얼굴🧡🧡"}]}]