[{"key": "https://www.instagram.com/p/BlcNNgJFjuj/", "datetime": "2018-07-20T04:52:00.000Z", "content": "지긋지긋한 노란머리 변신 대성공 👾👾", "img_urls": ["https://scontent-icn1-1.cdninstagram.com/vp/d8c33a3e8765d55e5ba0a5fa103db939/5C13F220/t51.2885-15/e35/37250154_257683364961319_4244462633832415232_n.jpg"], "comments": [{"author": "_ooong_", "comment": "#보라색 #일루미나 #웰라 #염색 #드라이 #뷰티샵블랙 #서경대 #미용실 #일상 #좋아요 #daily #셀피 #셀스타그램"}, {"author": "du0nee", "comment": "이여르~~~~~"}, {"author": "kk0rr", "comment": "잘보고갑니다😉"}, {"author": "naneunnada_", "comment": "우왕~~~짱 이뿨~~~~~~~~!!!"}, {"author": "mandoo_zzang_joa", "comment": "너무예뿌더"}]}, {"key": "https://www.instagram.com/p/BlcF-fYlFsd/", "datetime": "2018-07-20T03:48:47.000Z", "content": "-\n화이트말차💞\n유기농제주말차로 변경 되었어요\n굳👍👍👍유기농이라 그런지 더 맛있네요😻😻😻\n-\n-\n-\n숨이 않쉬어지는 날씨에요💞💞\n-\n그.래.서 오늘 내일(20-21일)  6개이상 하시면 보냉팩 서비스 드려요 💞💞\n사실.. 몇일전부터 계속진행되었는데 공지에 올리지못했어요😭😭\n-\n✔오픈시간 11시~20시까지 (품절시 조기마감 합니다😊) ✔예약및문의는카카오톡플러스친구\n@미라노디저트 정릉점 으로 해주세요\n\n예약시\n성함 \n연락처\n맛과수량\n방문시간\n보내주세요💞", "img_urls": ["https://scontent-icn1-1.cdninstagram.com/vp/87353d3735182c106747f4da5f0088c2/5BD4D19D/t51.2885-15/e35/36981783_244140546381409_4442501183554191360_n.jpg"], "comments": [{"author": "mira_no_dessert_jungneung", "comment": "#미라노디저트#미라노디저트정릉점#성북구맛집 #정릉맛집#정릉마카롱#성북구마카롱 #강북구마카롱#돈암마카롱#강북구맛집 #미아맛집#성북동맛집#국민대#서경대#맛스타그램 #먹스타그램#맞팔#선팔#인친#소통#미아사거리 #성북동마카롱#북한산맛집#마카롱맛집 #유기농설탕#답례품#어린이집#당진마카롱 #광명마카롱#삼송마카롱"}]}, {"key": "https://www.instagram.com/p/Bla-IOghgdq/", "datetime": "2018-07-19T17:20:58.000Z", "content": "서울예대 , 동아방송예대 , 서경대 모두 다 넘넘 멋진 !!!!!👍\n수시 2달전 기운 빡세게 받고 갑니도.. 19학번으로 만날수있기를 ㅜㅜ\n.\n.\n.\n.\n.\n.\n.\n.\n.\n#텐션 #서울예대 #동아방송예대 #서경대 #실용음악과 #18학번 #입시 #selfie #인스타그램 #셀스타그램 #음스타그램", "img_urls": ["https://scontent-icn1-1.cdninstagram.com/vp/1a6c877aaddeaac0f6b6ddb2df824797/5BCFF054/t51.2885-15/e35/36555494_566403223755181_2561405640773730304_n.jpg", "https://scontent-icn1-1.cdninstagram.com/vp/14c39ef65370f4858115d4dfe4deb25f/5BCE2816/t51.2885-15/e35/36880223_270139683750789_2081371126218358784_n.jpg", "https://scontent-icn1-1.cdninstagram.com/vp/793e25db0f4d09dd3fc91be8a05b6bff/5BDDDE9D/t51.2885-15/e35/36767868_196732761020934_7749071340807651328_n.jpg", "https://scontent-icn1-1.cdninstagram.com/vp/be19dbd42b19c4c480f4777897cf75ba/5BE11CEB/t51.2885-15/e35/36561862_253938261870212_7571621674596958208_n.jpg", "https://scontent-icn1-1.cdninstagram.com/vp/70ece0e68e1115fb075a0472c16effb7/5C135D06/t51.2885-15/e35/36645617_507165273036781_3615538065734369280_n.jpg"], "comments": [{"author": "djedhim", "comment": "aMazing!"}, {"author": "chae______eun", "comment": "아이쁘다"}]}, {"key": "https://www.instagram.com/p/BlIHA9BnGiG/", "datetime": "2018-07-12T09:33:03.000Z", "content": "학교..\n#서경대 #미용 #일 #계절학기 #휴식", "img_urls": ["https://scontent-icn1-1.cdninstagram.com/vp/1587a7439058aee33fb2a3cae2b44211/5BD561FD/t51.2885-15/e35/35617219_259663561462683_8393673956875304960_n.jpg"]}, {"key": "https://www.instagram.com/p/BjmvIWclBT3/", "datetime": "2018-06-04T13:58:01.000Z", "content": "또 하나의 잊지못할 소중한 순간🙏🏻✨\n#서경대 #경진대회 #1등", "img_urls": ["https://scontent-icn1-1.cdninstagram.com/vp/71ff025a73c611cb9efa94f6dfd80ec0/5BCC509C/t51.2885-15/e35/32916689_1602733796505627_7197674759218266112_n.jpg", "https://scontent-icn1-1.cdninstagram.com/vp/d638d07a6a59da766d8b96f844a13e15/5BDCAFBD/t51.2885-15/e35/34008612_1223170591153276_4287412628914962432_n.jpg"], "comments": [{"author": "suchabeautifulday__", "comment": "여윽시 1등이시구먼요💓💓💓"}, {"author": "e___tjs", "comment": "축하해요~~~💚💙"}, {"author": "dr.yjh", "comment": "축하드려요! 정말 멋지네요✨👍"}, {"author": "jiseo_i", "comment": "@baehoney_ 이유 확실한 1등입니다요~~~~~"}, {"author": "jpg.bear_pic", "comment": "축하드립니다 🤩🤩👏👏👏"}, {"author": "soomin_0902", "comment": "추카해녀👏👏"}, {"author": "choieunss", "comment": "너무 예뻐서 심장 멎을 뻔했어요....."}, {"author": "sohyun_2.6", "comment": "에뻐요~"}, {"author": "phe_leac", "comment": "@baehoney_ 헤헷🙈❣️ 감사함돠~!!😆❣️잘지내고있어요?😆❣️"}, {"author": "phe_leac", "comment": "@jiseo_i 아이쿠야!!🙈 과찬이셔유~!!🙈❣️❣️❣️"}, {"author": "phe_leac", "comment": "@e___tjs 고마웡 은선잉❣️"}, {"author": "phe_leac", "comment": "@dr.yjh 감사합니다😊"}, {"author": "phe_leac", "comment": "@jpg.bear_pic 감사합니다😊"}, {"author": "phe_leac", "comment": "@soomin_0902 감사합니다😊"}, {"author": "phe_leac", "comment": "@choieunss 은서짱❣️❣️"}, {"author": "phe_leac", "comment": "@sohyun_2.6 고마웡이쁜이❣️"}, {"author": "_ggyu_91", "comment": "웃는모습이 너무 이쁘고 잘어울리세요 !!😁"}, {"author": "jiseo_i", "comment": "@phe_leac 잘지내고 있죠? 보고싶네여 이쁜언니 (사실 동생....)"}, {"author": "phe_leac", "comment": "@_ggyu_91 감사합니다!😊"}, {"author": "phe_leac", "comment": "@jiseo_i 그럼요!!😆 저두요 ㅠㅠ편하게 동생이라고하세용🙈💕💕"}]}, {"key": "https://www.instagram.com/p/BjOQVOqlC62/", "datetime": "2018-05-26T01:47:07.000Z", "content": "", "img_urls": ["https://scontent-icn1-1.cdninstagram.com/vp/d80ffe11cacaa3c580e4987634e692c7/5BD589FB/t51.2885-15/e35/32136149_1470947513011913_736334841108234240_n.jpg", "https://scontent-icn1-1.cdninstagram.com/vp/3a2a4d7a23e5e3682b4676c792bc2ba3/5C119CCE/t51.2885-15/e35/32157531_1506343156136759_9004689052514910208_n.jpg", "https://scontent-icn1-1.cdninstagram.com/vp/946bed3c9f701ab5b95c775a3ea107d0/5B54355F/t51.2885-15/e15/32343620_883656378490717_2627482776319819776_n.jpg"], "comments": [{"author": "kmk06210612", "comment": "@minjungun"}]}, {"key": "https://www.instagram.com/p/Bi6XugjFJnL/", "datetime": "2018-05-18T08:26:55.000Z", "content": "학생부전형으로 내신 평균 1.5, 최저 2.3은 되야 합격할 수 있는 가천대 간호학과를 4등급 후반으로 합격?\n.\n말/잇/못🤦‍♀️🤦‍♀️ .\n간호학과 관심있는 친구 모두@태그태그!!\n.\r\n#가천대 #간호학과 #간호대 #수원대 #고려대 #한성대 #을지대 #한국산업기술대 #한신대 #성결대 #서경대 #삼육대 #홍익대 #홍대 #평택대 #을지대 #이투스 #이투스언니 #고대 #고1 #고2 #고3 #16살 #17살 #18살 #19살", "img_urls": ["https://scontent-icn1-1.cdninstagram.com/vp/aac4323a8104bccbe9205f3b7eb9e137/5BD9B16A/t51.2885-15/e35/31016727_445365589246746_3765363146542284800_n.jpg", "https://scontent-icn1-1.cdninstagram.com/vp/0aa558805952ae9bbe1ec2a8eec4c15b/5BE099E2/t51.2885-15/e35/31748616_161830184659384_4737695621543100416_n.jpg", "https://scontent-icn1-1.cdninstagram.com/vp/426cdfb68fbef3fa74588e2cda58e129/5BD4B681/t51.2885-15/e35/32095359_1674304565997779_1824933034294509568_n.jpg", "https://scontent-icn1-1.cdninstagram.com/vp/febb2777afd6824082d23222bb3f1e6b/5BDB3EDF/t51.2885-15/e35/32359104_140857396772247_1635291064032034816_n.jpg", "https://scontent-icn1-1.cdninstagram.com/vp/1c33c5ec69c9b87942612df12a24c115/5BDC5D98/t51.2885-15/e35/32247655_930498393787746_7146168815619932160_n.jpg", "https://scontent-icn1-1.cdninstagram.com/vp/379f3a46aad56ddb26ff6eda16ce6d19/5BD5194E/t51.2885-15/e35/31694816_1774671445947234_561961221885001728_n.jpg", "https://scontent-icn1-1.cdninstagram.com/vp/7da914a5157c0c88a42c2297218c8951/5BD8F879/t51.2885-15/e35/31920917_1828792550758557_1871961276918267904_n.jpg", "https://scontent-icn1-1.cdninstagram.com/vp/6af61f1f7d00d478198b823aafd3d631/5BEF21E2/t51.2885-15/e35/32274130_1635310593252765_6356154631432699904_n.jpg", "https://scontent-icn1-1.cdninstagram.com/vp/e271c6a10fadc551145d821edda6dd6c/5BE751CA/t51.2885-15/e35/31754701_159889991521022_6030553143543070720_n.jpg", "https://scontent-icn1-1.cdninstagram.com/vp/9a346e3ea49cfa27090846acd5da82a3/5BDC5D3C/t51.2885-15/e35/31702764_415699845572060_67262486390243328_n.jpg"], "comments": [{"author": "alstjddl", "comment": "@00_eungyul 가천대간호학과!!"}, {"author": "dae_yong00", "comment": "@angzzam 너도 적성파이터 였나"}, {"author": "reallloyyy", "comment": "@3.3333h"}, {"author": "1p0a2r2k4", "comment": "@sv7ngeun 갗..갓.."}, {"author": "sv7ngeun", "comment": "@1p0a2r2k4 ㅋㅋㅋㅋㅋㅋㅋㅋㅋㅋ개웃기네"}, {"author": "angzzam", "comment": "@dae_yong00 그치"}, {"author": "merry0425", "comment": "@kjm0816"}, {"author": "kjm0816", "comment": "@merry0425 인서땡규~~~♡"}, {"author": "greenary_with_yourlife", "comment": "우왕~~추운날씨에 마음까지 따뜻해지네요^^헤헤"}, {"author": "study_00.19", "comment": "@gongbuhalggoya"}, {"author": "gongbuhalggoya", "comment": "@study_00.19 ㅋㅋㅋㅋㅋㅋㅋㅋㅋㅋㅋㅋㅋㅋㅋㅋㅋㅋ고맙다..^^"}, {"author": "okhyun__", "comment": "@seol_luv_ 태그태그 !!"}, {"author": "qx_min", "comment": "적성 이번에 11월에 본다구 해서 준비하기 좋을듯"}, {"author": "chan._i", "comment": "@1hoonhj 💕"}, {"author": "bo_mi__05_08", "comment": "@eun0_belle"}, {"author": "eun0_belle", "comment": "@bo_mi__05_08 ❣️❣️💕💕💕❣️💕💕"}, {"author": "yuu__ji__", "comment": "@jueun_1025"}, {"author": "jueun_1025", "comment": "@yuu__ji__ 한숨 푸욱,,,,,, 열심히할게 ㅠ지.."}, {"author": "eunmi4640", "comment": "@moyg_115 그렇대 유경아"}, {"author": "moyg_115", "comment": "@eunmi4640 우왕"}, {"author": "jiwon01.02.06", "comment": "@daaassssss 가자~~~~"}, {"author": "daaassssss", "comment": "@jiwon01.02.06 경쟁률십오지겟ㄴ데"}, {"author": "jiwon01.02.06", "comment": "@daaassssss 할 수 있당 넌 더 높자나♡"}, {"author": "daaassssss", "comment": "@jiwon01.02.06 예...??"}]}, {"key": "https://www.instagram.com/p/BipBloJFVAr/", "datetime": "2018-05-11T14:46:23.000Z", "content": "#국제대#서경대#첫대학축제\n(첫번째짤 살짝 하정우씨같이 나오지않았음?ㅎㅋㅋ)#마음에안드는무언가때문에몇번이고다시올렸넹미안해용", "img_urls": ["https://scontent-icn1-1.cdninstagram.com/vp/5130341054d9fa37b3d64022200bb75a/5C13447E/t51.2885-15/e35/31753544_254328445134751_2401382907445772288_n.jpg", "https://scontent-icn1-1.cdninstagram.com/vp/c86775a9041764bcd5b556e33ed5b53c/5BCD0AD5/t51.2885-15/e35/31236197_451422605308698_6375696483521396736_n.jpg"], "comments": [{"author": "a_ndl23", "comment": "❤️❤️❤️"}, {"author": "coeaesug8994", "comment": "하정우가 아니고 그냥 아저씨. 베이지 좀 입지마."}, {"author": "ma0514ru", "comment": "こんにちは。あなたのことが大好きなユイさんは最近、ジャニーズに浮気してます。"}, {"author": "kukuku9731", "comment": "@mai0514maru やめろ"}, {"author": "novianty.v", "comment": "iKON tv end😭😭 but the special song for ikonic so good thnks😍😍😍😍 @shxxbi131 @bobbyindaeyo @gnani_____ @_dong_ii @juneeeeeeya @sssong_yh @chan_w000"}, {"author": "chrisno21", "comment": "LUCU BANGET MASA"}, {"author": "nenengnuraisyah", "comment": "Mesh"}, {"author": "vintyaratu", "comment": "Na org nye, gtg njr @selvianugrah"}, {"author": "cherim11", "comment": "으휴 하정우는 아니지만 잘생굣단ㅇ~~~^~^^"}, {"author": "scaniaey_", "comment": "Oppa😍😍"}, {"author": "rizky_nanda05", "comment": "Oppa😍😍😍"}, {"author": "adelll_ikonic", "comment": "juni I LIKE YOU SO MUCHHHHH"}, {"author": "adelll_ikonic", "comment": "I' AM SORRY FOR MY MISTAKE JUN"}, {"author": "hhdtgc", "comment": "пуська аав"}, {"author": "ccl.xox", "comment": "I think I just did what people call UWU"}, {"author": "fabia.santos.583", "comment": "Nene lindo❤😍"}, {"author": "m_ykka", "comment": "KYAAAAAAAAA"}, {"author": "skky022", "comment": "Hi cutie"}, {"author": "eliapuspiita", "comment": "Yg tampan siapa yg punya ? Yg punya yg bertanya ~~"}, {"author": "_2illlllillll", "comment": "💓💓💓💓💓💓💓💓💓💓\n너무 귀엽게 굴지 말아라ㅠ"}, {"author": "ariestagreat", "comment": "Waw! R u human too?"}, {"author": "srirejeki_siahaan", "comment": "🎸"}, {"author": "jinhyun_0915", "comment": "잘생겼오..💜 두번째 사진 실화냐 얼굴🧡🧡"}, {"author": "fayzawaraa", "comment": "@payjaww"}]}, {"key": "https://www.instagram.com/p/BhIdyCNHdS-/", "datetime": "2018-04-04T02:46:25.000Z", "content": "공부 잘하는데 '명문대 포기'하고 과감히 '모델학과' 간 과학고 졸업생\n\n#KBS #예능 #안녕하세요 #공부 #명문대 #포기 #과학고 #꿈 #학업 #모델 #서경대 #새내기 #과거 #습성 #동기 #적응 #환경 #어려움 #진지", "img_urls": ["https://scontent-icn1-1.cdninstagram.com/vp/d00bb9dee0e97dc870a81291d308747f/5BCFD80A/t51.2885-15/e35/29415354_180866259205561_7837288109346652160_n.jpg", "https://scontent-icn1-1.cdninstagram.com/vp/032d4da1fc433a2a50f8e302110a54e1/5BC848BC/t51.2885-15/e35/29415195_359296374575998_634488393287335936_n.jpg", "https://scontent-icn1-1.cdninstagram.com/vp/59783df200cdec369e78e51a28cead71/5BD21546/t51.2885-15/e35/29715756_188961311830484_5931124392942632960_n.jpg", "https://scontent-icn1-1.cdninstagram.com/vp/ed6d2394e8430135822b2fee3bd093bf/5C12DF19/t51.2885-15/e35/29737527_2073544132922458_5938596918778134528_n.jpg", "https://scontent-icn1-1.cdninstagram.com/vp/f961c28be613858a19662459af36bbcb/5BE80B30/t51.2885-15/e35/30084420_234834477084627_6903409666252865536_n.jpg"], "comments": [{"author": "miru1019", "comment": "본인들은 못사는인생이라 아쉬워서 그런거야 뭐야 어후 말들이많네 자기하고 싶은데로 하는거지 학교가 어쩌네 저쩌네 … 그냥 멋있구만"}, {"author": "y.jeoni", "comment": "@jeam2_me101"}, {"author": "jeam2_me101", "comment": "@y.jeoni ㄴㅋㅋㅋㅋㅋㅋㅋㅋㅋㅋㅋㅋㅋㅋ어이없네 진짜아님"}, {"author": "breadmission", "comment": "모델외의 전공을 갖으시고 모델은 취미로 하시다가 정말 탁월하면 기회 잡을수 있는데 부모님이 순진하신가? 아님,,"}, {"author": "___2.hs", "comment": "@l_sooyeon93 해송시ㅠㅠㅋㅋㅋㅋㅋㅋ내 이거보고 배쨈ㅋㅋㅋㅋㅋㅋㅋㅋㅋㅋㅋㅋㅋㅋㅋㅋㅋ"}, {"author": "khkimac", "comment": "공부는 좀 뛰어났을 수도 있지만..사회는 그렇게 호락호락 하지 않다..자기가 가장 잘하는 것을 성실히 하는 것이 최고다.."}, {"author": "kko9.slime", "comment": "@2naee @heeju1296 그냥 공부하지 굳이"}, {"author": "seo_gwangyeon", "comment": "@2018hhhappy 잘 모르는사람들의 말과 잘모르는 사람들의 동조. 웃고갑니다."}, {"author": "jeon__se.eun", "comment": "@u___ujini 이거지"}, {"author": "__hyerii_23", "comment": "@yw2285 약간 장우영 닮지 않았냐 약간,,모델학과도 잘 할 듯"}, {"author": "u___ujini", "comment": "@jeon__se.eun ㅇㅇㅇ웅 마쟝"}, {"author": "marlene_byeon", "comment": "@hatsseulka ㅋㅋㅋㅋㅋ 해송시 나오는거 함 봐봐. 너 말대로 귀여븜"}, {"author": "jake.sjk", "comment": "@hyerhin 뭐냨ㅋㅋㅋ 우리학교냐?"}, {"author": "h.wintercloud", "comment": "@kko9.slime 그러게 행복을 위해 복을 걷어찬건가"}, {"author": "bbaek05", "comment": "땅을 치고 후회할듯. 늦었다"}, {"author": "w.heightz", "comment": "취미도 정수론이고 저쪽으론 끼도없어보이는데 저게 무슨 소신? 걍 연예인이 하고싶은거겠지 이젠 저런경우봐도 별로 놀랍지도 않다"}, {"author": "snu_sparkling_", "comment": "멋지다 진짜"}, {"author": "pppooolll11", "comment": "@w.heightz 부들부들하기는ㅋㅋㅋㅋㅋㅋㅋㅋㅋㅋ잘난나람들보면 막 못참겠어요?"}, {"author": "martin_seonggeun_kim", "comment": "저런분을 헛똑똑이라고함"}, {"author": "j1__h", "comment": "@yooxbin 잘생겻는데...."}, {"author": "s2ubxn", "comment": "@_heestargram 언니 학교"}, {"author": "fortunate777777", "comment": "군대 다녀오면 생각이 달라질걸"}, {"author": "lee_jae_h", "comment": "@wwwwh9 눈이 작은걸까 도수가 높은걸까"}, {"author": "young.vrcafe", "comment": "사진잘보고갑니다 성신여대 영VR 카페예요~ 맞팔해요"}]}, {"key": "https://www.instagram.com/p/BZIAt-wAIw5/", "datetime": "2017-09-17T02:21:18.000Z", "content": "감사한 사람들이 너무 많아 정말 다들 너무 고생많았숩니다 😊\n#서경대 #미용예술학과 #주점", "img_urls": ["https://scontent-icn1-1.cdninstagram.com/vp/8e46fea00cc7db89e90e5b571b4e68bd/5BE581A9/t51.2885-15/e35/21690038_1974726186102421_6119110743506812928_n.jpg", "https://scontent-icn1-1.cdninstagram.com/vp/1067c720e32e9378f5ed4e9b80f2f798/5C12445C/t51.2885-15/e35/21690569_130263187708124_8377826983546978304_n.jpg", "https://scontent-icn1-1.cdninstagram.com/vp/904907abeeb9e43871e136a315768ff5/5BD3B0F8/t51.2885-15/e35/21690519_115656039128014_2041701253494341632_n.jpg", "https://scontent-icn1-1.cdninstagram.com/vp/29f3ba99c5bab5e33a58e32fffb61604/5BCCCD60/t51.2885-15/e35/21820082_143834399556996_7538688625580441600_n.jpg", "https://scontent-icn1-1.cdninstagram.com/vp/cb04d2442080dbccd96bbf77b02cb687/5BE8ED9F/t51.2885-15/e35/21827163_1631074613605119_7334062811502346240_n.jpg", "https://scontent-icn1-1.cdninstagram.com/vp/e6874c6bed8bbeefd88ac6ff9975c7b1/5BD34EA2/t51.2885-15/e35/20759992_323877051408182_697330950308102144_n.jpg", "https://scontent-icn1-1.cdninstagram.com/vp/c70935ac176caf1657ab4f61e9e7278b/5BD02FBE/t51.2885-15/e35/21820138_489955264711044_6244867931394539520_n.jpg"], "comments": [{"author": "jake.sjk", "comment": "콜팝주세여"}, {"author": "hjchoi97", "comment": "언니 한번도 못마주쳤어요ㅜ"}, {"author": "nazi_day", "comment": "내콜팝은..?"}, {"author": "yooooooun.j", "comment": "@sjkk___ 다 끝났다〰〰〰〰〰"}, {"author": "yooooooun.j", "comment": "@hjchoi97 그로겡 나 지혜랑 짱홍이는 봤는데😭"}, {"author": "yooooooun.j", "comment": "@binnstal 푸웅 언니 😭〰〰〰 잘 쉬어써?? 언니 콜팝은 내가 직접 만들어주께,,❣️"}, {"author": "nazi_day", "comment": "@yooooooun.j 잘쉬긴 ㅋㅋㅋ 쿠알라룸푸르야.."}, {"author": "dongnesaram_", "comment": "소통하러 또 올게요"}, {"author": "eunhye.baek", "comment": "또 오겠습니다"}, {"author": "rinhakim", "comment": "안녕하세요~^^*"}, {"author": "yooooooun.j", "comment": "@_ahhyeon_ 보고싶어요ㅠㅠ 내사랑"}, {"author": "yooooooun.j", "comment": "@h_uuu.na @i_want_cherish 애기들 화잍ㅇ❤️"}, {"author": "h_uuu.na", "comment": "@yooooooun.j 선배님도 청춘포차 화이팅❤️ 서로 맛난거 바꿔목어오~~~~~~~😆😆😆😆😆😆"}, {"author": "_ahhyeon_", "comment": "@yooooooun.j 윤덩이,,,😥💕"}, {"author": "cheri__sh___", "comment": "@yooooooun.j 청춘포차도 팟팅❤️ 그리워요💦💦💦"}]}]